0,白色羽毛
1,「半線街」，分東南西北四條街道
2,袁晁
3,柏林陸軍學院
4,長盤勝負
5,家田漢
6,1874年
7,西漢的版圖向西擴張
8,郵政機關
9,為運送郵件繳納了事先規定好的郵資
10,出品人
11,三中老
12,無障礙環境
13,科學的傳奇
14,2004年
15,硫-34
16,華萊士
17,壓力梯度產生向外的壓力
18,經濟
19,"7,920公里/小時"
20,愛爾蘭語
21,荷蘭
22,硫磺
23,塞爾維亞反對黨
24,1910年代
25,拜占庭外交
26,拉丁文
27,第一目擊者
28,1964年
29,霍克菲爾德
30,文化大革命
31,《金驢記》
32,灣仔
33,稍貪東
34,形容一種無限制的、自私、而野蠻的競爭情況
35,1964年
36,新北市
37,白色
38,沒有申請批准
39,十丐
40,宋端宗
41,四千名
42,氦
43,1070年
44,社會保障法規
45,第一教學樓
46,1929年
47,東德喜劇
48,1932年
49,大型購物中心
50,康熙帝
51,強學堂
52,1960年代
53,義大利解散聯盟
54,歐洲都市
55,基督教
56,預覽阿爾法版本
57,100萬
58,新北市
59,行動
60,法國
61,中國國民黨
62,中生代侏羅紀
63,阿拉貢國王卡洛斯三世
64,熱帶雨林氣候
65,意圖完全擺脫漢朝的控制
66,李宗仁
67,東漢
68,格羅斯特流星戰鬥機
69,弘治十二年
70,亞洲
71,2016年
72,德意志聯邦共和國
73,氦
74,是「傳教士的主保
75,交通運輸部
76,奧林匹克體育場
77,銅子
78,柴田勝家
79,俾斯麥
80,金泳三
81,1958年
82,靈魂
83,科龍港
84,蓋爾人
85,四次重差觀測術
86,西漢元封二年
87,隋滅南陳
88,佛教
89,1861年
90,豐臣秀吉
91,三吳地區
92,英國
93,大躍進運動
94,自強學堂
95,荷蘭語
96,1934年
97,檸檬酸咖啡因療法
98,1913年
99,1949年
100,大象
101,1915年
102,1600年
103,不對稱細胞分裂
104,德國
105,芝諾比亞
106,仁祖
107,十個
108,佛學論書
109,北海道大學
110,歐登堡
111,三天
112,1944年
113,曼努埃爾二世
114,咸豐帝
115,哈林河
116,孟加拉
117,男中音
118,中原
119,荷蘭語
120,威廉·洛厄爾·普特南
121,國務委員
122,伊斯蘭
123,陳寅恪
124,刺殺
125,複雜及未標準化
126,二千九百公尺
127,1939年
128,為迅速取得西線勝利，德國總參謀長小毛奇決定採取施里芬計劃，西線德軍不強攻駐有重兵防衛的德法邊境，反而欲取道盧森堡及比利時攻擊法國後方
129,福建林家
130,用來運貨
131,公民權
132,東人黨又分裂為南人黨與北人黨。西人黨
133,2015年
134,臺北
135,歐洲人
136,杭縣
137,蘇聯國旗
138,38%
139,1939年
140,多腔磁控管雷達技術
141,點石齋畫報
142,南越地區
143,1988年
144,上吊方式
145,吉米卡特
146,蘇頌
147,各省公啟》
148,阿拉里克
149,德蘇戰爭
150,髒層
151,工業國家
152,1950年
153,《最終解決德國問題條約》
154,清光緒十七年
155,雕像
156,防止中國共產黨滲透
157,"65,000平方公里"
158,乙醚
159,唐太宗
160,卡爾梅克人
161,1969年初
162,63位
163,副大法官
164,古希臘時代
165,盧安達語
166,香港九龍半島東面的海灣
167,中華民國法定國都
168,韓國農民
169,網景通訊公司
170,8月4日
171,1997年
172,中國優秀文學遺產
173,七十年代
174,公元68年
175,南越國
176,科學家
177,岑智明
178,是普魯士為了統一德國，並與法國爭奪歐洲大陸霸權
179,公元前362年
180,創建強力政府
181,28歲
182,1950年
183,保加利亞
184,效率比較低
185,10度
186,自由民主黨
187,國家
188,波士頓
189,1992年
190,強烈的上旋
191,屯田兵制度
192,明朝
193,中世紀建築
194,2000年
195,1998年
196,道縣玉蟾岩
197,燃油
198,森林
199,阿森納女子足球俱樂部
200,社會主義市場經濟
201,香港作為美食天堂
202,1920年
203,適用進出口貿易結算
204,四季酒店
205,驅動列車
206,彌爾
207,美軍軍事指揮官
208,艾瑪·史東
209,連續函式的訊號
210,受到中國與印度的文化所影響
211,普尼沙·拉契奇
212,威尼斯影展
213,熱帶，全市地勢均於海拔1000米以上的雲貴高原上，但也因同時受到其南部中南半島的海洋氣流影響，加上地理位置上正處在冬季於中國活躍的兩般高壓區之間的真空帶
214,新北市
215,聯盟合作
216,甲午戰爭
217,克孜勒
218,工作的經驗教訓
219,好在歷史是人民寫的
220,美觀
221,南屯區
222,西部地區
223,1982年
224,1428年
225,皇帝
226,塔特拉山的格爾拉赫峰
227,莫斯科中山大學
228,美國發明家
229,2006年
230,沒有
231,《人體器官移植條例》
232,1262年
233,為增加米、糖等農作物產量
234,三倍
235,重力束縛結構
236,颱風
237,2014年
238,1968年
239,30個
240,年輕的大學
241,鋁土礦
242,二戰後現代化建築風格
243,布農族
244,黑死病
245,2007年
246,查普曼
247,據傳在與比提尼亞國王的性行為中處於被動地位
248,2009年
249,湖人
250,溥
251,中共蘇區中央局書記
252,因為決勝局必定是單數局
253,廣東省政府委員會
254,網路遊戲業
255,1951年
256,漢語拼音方案
257,1984年
258,真正的跨站式車站
259,布倫瑞克造型藝術學院
260,法蘭西第二帝國
261,福建人
262,全勝紀錄
263,夜間攔截任務
264,哥白尼日心說
265,濃度低
266,雍正年間皇帝
267,明朝
268,1848年
269,2010年
270,1998年
271,自由韓國黨
272,《南華早報》
273,急性劇毒
274,希臘-巴克特里亞王國
275,阿聯
276,交通基建
277,最高司令部
278,田川氏
279,天狼星在東方地平線的出現
280,自律心肌細胞
281,1961年
282,德語地區
283,離島機場
284,1237年
285,商業
286,恭帝
287,德國
288,美國律師協會
289,1654年
290,唐代
291,美川王
292,胡安·林茲
293,日本
294,1998年1月1日
295,角動量
296,司馬休之
297,鈣離子
298,383年
299,羅納爾迪尼奧
300,慕容垂
301,火山活動
302,君士坦丁·波菲洛格尼圖斯
303,拉丁字母
304,能夠減少重量與這些裝備使用的空間
305,丁基羥基甲苯
306,中緬大戰
307,斯德哥爾摩
308,第三紀中新世
309,中華民國
310,高麗時期
311,靳雲鵬
312,1958年
313,國際性論壇
314,"1,083種"
315,曹魏故都智慧之旅
316,亞德港
317,布爾什維克革命
318,金本位制度
319,彌爾
320,紅色
321,1928年
322,商品期貨
323,十多個
324,300美元
325,楊宇霆
326,大力發展體育事業
327,元世祖
328,燃油混合動力電動自行車視同摩托車
329,數學
330,亞熱帶季風氣候
331,經濟
332,特點
333,朱一貴
334,從事農業生產和飼養家畜
335,使球穿越球網並落在對方球場內的任意一點
336,銃炮
337,1961年
338,70年代
339,凱·艾維
340,高夷
341,1980年
342,拉丁文譯本，由耶柔米自希伯來文
343,第三心音
344,2010年
345,武漢
346,1868年
347,托土拉島
348,美國
349,倫敦大學
350,最初
351,岡仁波齊峰
352,1972年
353,突厥語民族
354,長崎造船廠
355,南斯拉夫社會主義聯邦共和國
356,石油量位於所有國家中的第5位。它也是在世界範圍內與美國貿易的第7大順差國
357,硫化物
358,與丹尼索瓦人混血
359,忽必烈
360,中國
361,2000年
362,拉直
363,礦產資源
364,1955年
365,韓國
366,維京戈達島
367,1964年
368,史都華中校
369,1910年
370,突厥
371,侮辱蒙古使臣
372,1988年
373,2011年
374,激進組織
375,巴爾的摩國家水族館建成。同年在巴爾的摩內港地區海建成一系列的的商業觀光區，巴爾的摩內港
376,中華民國政府
377,社團部
378,認為伊迪絲分散了托爾金對學業的注意力
379,電子郵件
380,孔子
381,地鐵站2號口
382,2005年
383,世界範圍內對器官移植的需求大
384,馬佛奧·巴貝日尼當選教宗烏爾班八世時，他才繼續在這一問題上著書。巴貝日尼
385,1970年
386,雙循環泵功能
387,1809年
388,市場狹小而無法發展
389,民國36年
390,為迅速取得西線勝利
391,高地德語
392,伯克制
393,上限
394,國家起源
395,羅伯特·赫爾曼
396,中部科學園區
397,宣統三年九月十九日
398,1976年
399,文學體裁
400,黑死病
401,突厥語
402,哈雷阿卡拉國家公園
403,約翰·坎貝爾
404,8小時
405,百變天后
406,民國16年
407,國立廣東大學
408,亞伯拉罕諸教
409,六億七千多萬美金
410,妖怪
411,專家
412,中世紀佛蘭芒語
413,溫度的不同硫-34
414,混亂
415,阿爾泰語系
416,皇太極
417,信陽市
418,"7,000名"
419,文武全才，以優異的成績畢業於普林斯頓大學建築系；在美國空軍晉升至准將
420,質量
421,科技
422,媽祖
423,東方帝國
424,計劃委員會
425,15米
426,蘇丹南部
427,軍事監察官
428,
429,2012年4月17日
430,恆星
431,那拉氏
432,辛酉政變
433,銅的礦物
434,統一企業
435,小數部分
436,生物學研究
437,陳誠
438,孫中山
439,昭和時代
440,進出口貿易
441,九一八事變
442,1972年
443,天皇
444,42.1%是由90%
445,伊利諾伊州卡霍基亞土墩遺址後第二大的複合，該遺址
446,嘉義市
447,對保護農業生產也起了較大作用
448,肺呼氣機制
449,五角星
450,波斯薩珊王朝
451,航海工業
452,阿29
453,匿蹤性能較佳
454,中國共產黨中央政治局常務委員會
455,1945年
456,直線
457,快速公交
458,伯克制
459,臺南州
460,路易九世
461,南緯30度。其主要分布於大陸內陸區或背風的山區
462,一次大戰期間
463,大滿貫男子單打比賽
464,中華人民共和國
465,保守派
466,網景公司
467,《全唐詩》
468,1911年
469,1982年開始的經濟開發五年計劃
470,七年
471,奧地利
472,特·布喇頓工作團隊
473,陳奕迅
474,吳三連
475,1917年
476,郭松齡
477,1月8日
478,掃雷艇部隊
479,北上平亂
480,多黨制
481,民國15年
482,1976年
483,更早
484,民族大融合，在中國
485,線傳飛控
486,光明星4號
487,烏孜別克人
488,2555公里
489,第一次國共內戰
490,118年，高句麗聯合
491,茲維亞德·加姆薩胡爾季阿
492,在某些地區，因為其行駛軌道通常不高出街道路面
493,多用途導彈
494,荀子
495,中國明清
496,1935年
497,「雙北合作交流平台
498,將傳統的靜穩定推向靜不穩定設計
499,中國政法大學
500,瓜拿納
501,二戰時期
502,鈉鹽
503,江戶時代
504,民國4年
505,馬麗娜·甘巴在以非婚生的方式養育了三個孩子。他們在1600年生下了長女維吉尼亞，1601年生下了次女利維亞，1606年生下了長子文森特
506,1992年
507,軍政
508,貝爾根
509,太白
510,朱允
511,十億韓國」戰略
512,低稅賦
513,小選舉區制
514,科索沃
515,「反對資產階級自由化
516,自由放任
517,綠色工業
518,四年
519,段祺瑞
520,斯伊格頓
521,副熱帶季風氣候區
522,1902年
523,蝸頂
524,海
525,3%
526,小型雷達測距儀
527,2002年
528,氫硫酸
529,軍事冒險
530,使編輯長頁面更容易
531,黨費
532,生殖器官
533,經濟建設
534,《實業部組織法》
535,港式酒樓
536,社會政治運動
537,帕吉勒提河
538,「西南美麗的地方
539,一種與天接近
540,開羅
541,1932年
542,福建人
543,1955年
544,多倫多運輸局
545,公元前一世紀
546,柵欄
547,1898年
548,法國民意
549,狄拉克
550,聖人可汗
551,健康寫實電影
552,1956年7月
553,白矮星
554,中生代
555,伊爾庫茨克國立大學
556,鐵木真
557,23406人
558,1789年
559,兩個雨季和兩個
560,臺灣省臺北市
561,日占時期
562,藝聲
563,馬
564,總兵官
565,《金驢記》
566,黑龍江省十字加環線
567,漢風魏韻
568,自然科學研究
569,反文化運動
570,英國
571,郭沫若
572,轟炸機
573,夜間攔截任務上，二戰時期的使用經驗延伸出兩種發展路線。一種是利用小型雷達測距儀追蹤目標的距離，協助飛行員找到最佳射擊時機，提高一般飛行員的命中率
574,義大利
575,中世紀的漢撒同盟時代
576,大腦聽皮層
577,刺史
578,18個
579,至元二十九年
580,保守派
581,東北
582,陶瓷
583,1980年代
584,法國
585,西佛羅里達
586,1997年
587,小道
588,9年
589,特洛依銅像
590,德國聯邦印刷所
591,101公里
592,國務院常務會議
593,四
594,「喬治亞共和國
595,1943年
596,逃離家園者
597,陰道
598,聯邦政府之權力
599,韓國
600,有民權運動
601,希臘軍事獨裁者
602,瀕危物種
603,海軍陸戰隊中尉於越戰
604,專制權力
605,智慧地使用冷氣
606,極端大陸性氣候
607,臺灣省臺北市
608,1929年
609,法國電信
610,笛卡爾
611,1897年
612,中山盛產海鹽
613,中共中央
614,市場分析
615,上海南站
616,2005年
617,家庭喜劇片
618,同性婚姻
619,婦女
620,反對建文帝削藩
621,建築學院
622,朱熹
623,自由民主黨
624,反革命罪
625,宿主植物基因組
626,哈大客運專線
627,第五區
628,活躍軍事單位
629,1982年
630,漢武帝
631,以東地區，即韓國江原道的稱呼。湖南地區是錦江以南全羅南道和全羅北道
632,諾門罕戰役蘇聯獲勝的事實，周恩來遵守蘇聯對外蒙古領土的一切主張，自此確立了外蒙古成為共產黨的衛星國
633,巴黎聖母院
634,西方文明開始衝擊朝鮮半島
635,昆明族
636,1936年
637,預言
638,非商用
639,五桂山
640,第二產業
641,嘉義市
642,高度污染產業
643,29個
644,民國31年
645,10月23日
646,《希臘、羅馬名人傳》
647,固有詞
648,第二次世界大戰
649,5000噸級
650,商業貿易
651,2015年年底
652,古漢語
653,22年
654,斯·杜卡斯
655,霍諾里烏斯扶
656,喜馬拉雅山脈
657,1937年
658,1964年
659,16世紀末
660,油氣開發
661,外太空，或稱太空，於中國大陸稱外層空間，指的是地球大氣層及其他天體之外的虛空區域
662,明孝宗
663,新興世界
664,第八區
665,1925年
666,照射紫外線
667,九一八事變
668,春秋
669,原住民宗教受到嚴重衝擊，宗教之原始狀態與文明社會之接觸發生許多變形。原始宗教多表現為對大自然的崇拜
670,馬祖
671,1899年
672,牟定縣
673,尼布楚條約
674,中央窩
675,利奧三世
676,殖民主義
677,奧德
678,22℃
679,80公尺
680,積極性
681,溫和派
682,赤城鎮政府街1號
683,纖維心包
684,羅非魚
685,潘普洛納
686,礦泉水
687,1851年
688,臺灣府志》
689,杜林
690,第265任
691,6比6
692,民國39年
693,中央印製廠
694,傑伊條約
695,超新星
696,全斗煥
697,2007年
698,
699,索馬利亞政府司法系統
700,420年
701,軍隊編制問題
702,公道大王」施九緞
703,韓國
704,1980年代
705,粉絲何韻詩
706,1923年
707,阿拉伯語
708,2009年
709,湘西土家族苗族自治州
710,許貢
711,茶鹼
712,西漢
713,李定國
714,"5,800輛"
715,公共健康與醫學領域
716,《新基本法令》
717,1962年
718,洪武三十一年
719,共產黨
720,奧匈帝國
721,中國清王朝
722,"""新恆星"
723,咖啡因
724,司馬元顯
725,階梯狀
726,漳州人
727,6個小時
728,1866年
729,行政權
730,呂驥
731,90年代
732,金日
733,19.2%
734,莫里斯
735,西班牙瓦倫西亞
736,1787年
737,王保保
738,復仇
739,1898年
740,守舊派
741,中華人民共和國
742,端敬王后
743,中生代
744,約瑟夫史達林
745,中華人民共和國
746,國會選區
747,抑制人口增加而實行的計劃生育
748,蘇聯遠東軍
749,內閣組成
750,福建社團聯會
751,棕矮星
752,嚇阻鳥群的稻草人，是早期農村相當常見的景觀
753,反共政策
754,5～8％
755,亞熱帶常綠闊葉林
756,分子雲內部
757,鮮卑部落
758,鮑德溫伯爵
759,1916年
760,1939年
761,奉天第三混成旅
762,巴黎條約
763,1970年
764,麥迪遜分校
765,時候
766,麻赫穆德·喀什噶里即出身於喀喇汗國汗室
767,金銀製品工藝
768,資格賽賽制
769,周駿龍
770,民國16年
771,13世紀
772,「文憲王
773,周恩來
774,馬略
775,至元十三年
776,列如鬼火
777,60年代
778,圖西族
779,聖餐持紀念說
780,自殺罪
781,《三國志
782,地心
783,長沙太守
784,溫度相同
785,2002年
786,上海
787,比利時
788,濃硫酸
789,數學
790,「兄弟國的盟約
791,1982年1月8日，把金正恩生日定為「民族最大節日」之一，並通報由2011年
792,二氧化硫
793,1979年
794,義大利
795,村塢型經濟
796,卡拉恰伊湖
797,寧宗
798,蠻族軍隊在城內殺掠三天，大獲而歸。而羅馬城則遭到了嚴重的毀壞。西元410年至西元439年，霍諾里烏斯扶立瓦倫丁尼安三世成為西羅馬帝國
799,臺北
800,共和黨
801,日本
802,二戰的爆發
803,1976年
804,上海
805,1949年
806,麻省理工學院
807,夫妻關係
808,1930年代
809,組織訓練
810,1449年
811,1986年
812,隆武帝
813,第一次世界大戰
814,趙光義
815,托爾金
816,雙汗制
817,78歲
818,截肢
819,中華全國體育總會
820,外在的因素造成光度的變化，像是食雙星，還有極端的情形是由恆星自轉
821,人文關懷
822,1956年
823,《產假和保護婦女兒童權利法》
824,軍閥混戰
825,中國共產黨解放軍
826,夫餘國
827,人民頻繁的遷移
828,前2世紀
829,將畫面轉回直播間
830,最高權力
831,匈牙利
832,1927年
833,隋軍
834,蘇區
835,臺北縣改制新北市
836,曆法
837,1940年
838,妖怪學
839,1987年
840,同性婚姻
841,汾河
842,漢卿
843,湯玉麟
844,陳平順
845,數百萬克耳文
846,大封建主
847,只有整個站體都位於天橋上的車站
848,1955年
849,外蒙古等五國申請加入聯合國
850,青銅時代
851,德川家康
852,國定假日
853,德國人
854,2014年
855,羅馬帝國
856,重力
857,第一目擊者
858,生存競爭中自由淘汰
859,1988年
860,韓國
861,王孝通
862,圖西族
863,法文老師
864,阿瓦魯阿
865,廉興
866,基因特質
867,印地語
868,巴貝日尼
869,乾隆
870,起伏大
871,13小時
872,民國42年
873,地質類學科專業
874,中國科學技術大學化學係主任
875,含咖啡因植物的昆蟲麻痹。人類最常使用的含咖啡因
876,瓦倫提尼安
877,2000年6月
878,鐵僅需2小時40分。韓國高鐵
879,美西戰爭
880,尊漢思想
881,女性
882,太陽系第四大衛星
883,供應服務過多
884,「1910年革命
885,洛邑
886,漢禮
887,杜慧度
888,政治需要
889,北上
890,斯塔福德郡小海伍德村
891,義熙十四年
892,劉少奇
893,2002年
894,免費義務教育
895,一切非理性力量的總合
896,東德使館
897,馬佐夫舍省
898,1971到1985年
899,氫燃料
900,顯微注射
901,馬可波羅
902,新羅馬
903,上海鐵路局
904,離岸人民幣
905,中立
906,爭議的書信
907,使用精子庫
908,質量
909,軍隊基地希洛分基地是位於布蘭登東35公里的加拿大軍隊
910,120天
911,產品的國際化
912,希臘文化
913,性犯罪
914,文藝復興式
915,楚州人
916,1584年
917,1985到1989年
918,埃姆斯蘭
919,柏林國際廣播電台
920,本超星系團
921,春秋時期
922,描繪出元朝中國的繁華景象
923,媒體維基
924,數目可觀
925,1948年
926,25個
927,1月1日
928,1884年
929,大利拉帕洛
930,大慶油田
931,私立大學
932,奧古斯特公爵圖書館、漢諾瓦的萊布尼茨邦立圖書館和歐登堡的邦立圖書館
933,早期韓國華僑的聚集所在
934,李雄
935,福建人
936,汪大淵
937,英語
938,稻
939,宋真宗
940,120%
941,約翰·胡佛局長
942,9月
943,由於其副汗或小汗多帶有伊利的的稱號
944,林彪
945,路易十四
946,韓國
947,0.07個太陽質量
948,香港在滿清滅亡前商業方面不是很特出，商業及人均都不如東南亞的大城市，所以此時南洋的福建人
949,民國28年
950,李煥之
951,公共汽車
952,卵子
953,石排灣
954,正教
955,八角鼓
956,和平
957,文化大革命
958,1642年
959,徐載弼
960,拔都
961,匈奴人
962,芝加哥大學
963,水產加工業
964,阻力
965,紐格威森林
966,2012年
967,拿破崙
968,戴克里
969,166年
970,商務及經濟發展局
971,市場經濟
972,1920年
973,亞歷山大六世
974,1919年
975,天安門廣場集會
976,70年代
977,1958年底
978,州境縮小，郡失去意義而逐漸廢除
979,涵元殿
980,趙翼
981,漢字
982,12次
983,科學社會學
984,1138公頃
985,《中華人民共和國村民委員會組織法》
986,荷蘭
987,聯合國專家
988,打破香港華語片票房紀錄
989,內陸地區
990,政治利益
991,低溫
992,毒品
993,共同祖先說
994,1258年
995,元朝
996,1929年
997,1972年
998,新式鐵製蒸汽船
999,馬麗娜·甘巴在以非婚生的方式養育了三個孩子。他們在1600年生下了長女維吉尼亞，1601年生下了次女利維亞，1606年生下了長子文森特
1000,環境保護主義
1001,麥迪遜
1002,1946年
1003,蘇聯紅軍
1004,東德物品
1005,1991年
1006,印第安納大學
1007,明亮
1008,修道主義
1009,1999年
1010,亞歷山大漢密爾頓
1011,中國
1012,1960年
1013,黨委員長
1014,籃板
1015,預付
1016,合肥
1017,100萬到1兆倍
1018,第二代
1019,匈奴
1020,9月6日
1021,諸侯封建制度
1022,工程化核酸酶
1023,伊薩克二世
1024,統帥
1025,外部刺激
1026,麥克阿瑟元帥
1027,財政負擔
1028,武漢行營副主任
1029,躲避戰亂
1030,朝鮮半島
1031,39%
1032,狄拉克
1033,落實外交政策
1034,1823年
1035,輔音
1036,三人團
1037,舊石器時代
1038,166年
1039,荀子
1040,集團軍
1041,重慶公立法政專門學校
1042,網際網路版權問題的存在，往往被禁止
1043,愷撒
1044,韓語
1045,倫敦霍洛威
1046,佛教
1047,烏爾蘇拉
1048,1964年
1049,南方超大陸岡瓦那大陸
1050,國際社會中中國的合法代表
1051,挪威
1052,南北戰爭
1053,精神疾病
1054,紅土坡鎮龍潭山
1055,英式建築
1056,憫農詩
1057,當時礦山鐵路
1058,四帝共治制
1059,1060公釐
1060,1939年
1061,唐史學家
1062,董卓。191年，孫堅征荊州劉表
1063,廣州
1064,軍事委員會北平分會副委員長
1065,英美法系
1066,石油危機
1067,秦朝
1068,奧斯陸峽灣
1069,1920年
1070,硫代硫酸氨
1071,中國價值觀
1072,29000平方公里
1073,1912年
1074,1627年
1075,區域性污染
1076,西班牙維京群島
1077,何應欽
1078,夏季
1079,臺灣新北地方法院
1080,馬克西米安
1081,6世紀
1082,24所
1083,甘肅省
1084,領先盤
1085,天下第一州
1086,耶穌會
1087,一個
1088,破四舊
1089,三次
1090,為了獲得大寧地區的駐牧權
1091,梵語
1092,郭松齡
1093,爆炸性
1094,雲南省第二殖邊督辦公署
1095,勳爵
1096,1968
1097,多功能性
1098,1932年
1099,正中元年
1100,世稱恭順」
1101,微量化學物質
1102,抗日戰爭
1103,資格限制
1104,南越國
1105,汗位取得不合法
1106,勃艮地貴族奧東·德拉羅什
1107,灣仔北」發展區
1108,帕塔普斯科河
1109,1945年
1110,義熙十一年
1111,戰時研發商
1112,赫爾辛基
1113,《男人四十》
1114,西方諸侯國
1115,1846年
1116,宗主權
1117,狄葆賢
1118,官學
1119,幾個
1120,阿拉伯半島
1121,亞歷山大一世
1122,第一個禮拜堂
1123,爵位
1124,天下人
1125,同盟國
1126,尼古拉斯·尼葛洛龐帝
1127,朱序
1128,石油危機
1129,抨擊
1130,1992年
1131,康拉德·阿登納
1132,山東半島
1133,聖奧古斯丁
1134,公元185年
1135,弱勢群體
1136,大正天皇
1137,天使」路。與該路交叉的位於第一教學樓
1138,北齊
1139,義輝
1140,分裂
1141,中華人民共和國衛生部
1142,近代宗教，是印度教巴克提派的虔信運動和伊斯蘭教蘇菲派一神論
1143,斯拉夫人
1144,4
1145,聯邦制
1146,1807年
1147,波多黎各
1148,黑底
1149,洪武三十一年
1150,英國
1151,76間
1152,民國36年
1153,50元
1154,表明中華人民共和國和中華民國為兩個對等的國家
1155,第一
1156,拋秧
1157,七個
1158,周恩來
1159,卡加梅
1160,東羅馬皇帝
1161,《景祐天竺字源》
1162,5月17日
1163,財務報表
1164,武力
1165,海軍少尉
1166,德川家康
1167,戰略轟炸機
1168,1836年
1169,農業省敘利亞
1170,狀元
1171,德里克·羅勃茲
1172,伊斯蘭教
1173,地球生態系統服務對人們的恩典
1174,希察克爾夏季音樂節
1175,滬昆高速公路
1176,懷孕晚期
1177,法國
1178,歐德謨
1179,道本頓
1180,通州張家灣
1181,「青春勵志片
1182,《血盟救國軍軍歌
1183,廣州
1184,聽診器
1185,維護了法國在華利益
1186,唯泰主義
1187,"8,200年"
1188,兩岸經濟合作架構協議
1189,中路軍
1190,自由主義
1191,1874年
1192,組成是具備必要條件的
1193,日式西點
1194,李克強
1195,河東道
1196,靜態網頁
1197,古老
1198,熱帶稀樹草原
1199,韓國
1200,抗日民族統一戰線
1201,38個
1202,46公里
1203,公元第二世紀
1204,帕多瓦大學
1205,八千多年
1206,漳州
1207,1885年
1208,編戶
1209,發展局
1210,極端稀薄
1211,北京電視台
1212,州縣實際解散
1213,十月革命
1214,德國
1215,美國大學協會
1216,數據
1217,郭松齡
1218,開京
1219,美國大蕭條時期
1220,平抑物價
1221,阿列克修斯四世
1222,明文
1223,陳誠
1224,全印穆斯林聯盟
1225,通古斯人壓力
1226,喇嘛教
1227,鎌倉時代
1228,氣泡狀
1229,建設中國特色社會主義
1230,劉裕
1231,東正教
1232,窮漢
1233,佛教
1234,三代
1235,伊斯蘭教
1236,臺北市
1237,胡錦濤
1238,「南斯拉夫
1239,武陵
1240,殺蟲
1241,法國大革命
1242,自由韓國黨
1243,否決權
1244,二十世紀
1245,積極進攻
1246,單獨的積體電路
1247,1898年
1248,「義大利汽車之都」
1249,火箭發動機
1250,機械門控通道
1251,在軌道上驅動列車
1252,聖喬治拉丁文學校
1253,1260年
1254,1948年12月1日
1255,仁宗系
1256,私兵制度
1257,魏博拉盧比民達行業工會
1258,文章奧府
1259,繁衍後代所需基因物質產生的方式
1260,非洲
1261,瓊州海峽
1262,安德魯約翰遜
1263,普林斯頓大學
1264,83年
1265,釣魚台國賓館
1266,羅馬教皇
1267,解釋恆星內部和恆星演化的模型被成功的發展出來
1268,民國14年
1269,美國聯邦儲備委員會
1270,潘章
1271,班傑明·富蘭克林
1272,高雄
1273,第二代
1274,日美神奈川條約
1275,北京市
1276,晶體狀態
1277,哈利里德
1278,非金屬類材料
1279,柏拉圖
1280,波蘭人
1281,907事件
1282,英祖四年
1283,改良式腳踏車
1284,『給我一個膠帶
1285,二人
1286,1860年
1287,全球資訊網
1288,八月
1289,上層學科認知科學
1290,普通語
1291,傑瑞·威斯特
1292,粳稻
1293,挪威
1294,1800個
1295,中國郵政集團公司
1296,兵馬繁多
1297,「我們是一個民族
1298,療養地點
1299,福島縣會津地區
1300,1904年
1301,土地銷售
1302,阿拉曼人
1303,蒂夫·鮑爾默
1304,天花病
1305,牡丹峰樂團
1306,印度
1307,3座
1308,黃中理
1309,下薩克森邦
1310,朱利烏斯·凱撒
1311,豫
1312,1919年4月13日
1313,1133515人
1314,拼寫原則
1315,登島乘客
1316,牛津大學
1317,普選制度
1318,世宗大王
1319,2015年
1320,1969年
1321,左派黨
1322,收割機
1323,中華文化
1324,488年
1325,病態賭徒
1326,全國人民代表大會
1327,外太空
1328,黃中理
1329,《雅爾達協定》
1330,西班牙
1331,1897年
1332,美國
1333,較便宜的鐵
1334,普羅斯佩·梅里美、維歐勒·勒·杜克在拿破崙
1335,廣東省
1336,聖母大學
1337,羅馬法
1338,心理學
1339,希臘
1340,拉丁字母
1341,《中俄密約》
1342,卡普拉一通電話之邀，演出為他量身訂作的經典之作《風雲人物》。劇中主角到處有吉米·史都華
1343,聯邦國家
1344,24英吋克拉克望遠鏡
1345,生物質
1346,秘書處
1347,焚燒
1348,66種
1349,類比訊號
1350,回族
1351,視錐細胞
1352,交通阻塞
1353,威廉二世
1354,遵義會議
1355,《我於青春無悔》
1356,君士坦丁大帝
1357,國際網球總會
1358,8月26日
1359,阿爾法
1360,盛庸、鐵鉉追擊，大敗燕軍，收復德州。濟南之戰結束。九月初十，朱允升鐵鉉為山東布政使，參贊軍務，不久後升兵部尚書；封盛庸為曆城侯，平燕將軍，撤換李景隆
1361,外交手段
1362,1887年
1363,2008年歐洲足球錦標賽是第十三屆歐洲國家盃，於2008年
1364,畢達哥拉斯
1365,2010年
1366,1918年
1367,對刺激的回應
1368,魯宗之
1369,荷蘭東印度公司對日本幕府散播西班牙企圖顛覆德川幕府陰謀
1370,《朝鮮王朝實錄》
1371,2012年
1372,電穿孔細胞可將摻入其基因組
1373,印度洋暖濕氣流
1374,太白山脈
1375,第二次密約
1376,控制面
1377,民國十八年
1378,太白山脈中部聳立著五座相似的高峰被稱為五台山
1379,一萬兌一
1380,10名
1381,政治協商會議。1946年1月，國共兩黨與民盟、中國青年黨、中國民主社會黨等代表召開政治協商會議，通過和平建國綱領
1382,1996年
1383,1985年
1384,4世紀
1385,顯示自己的獨立自主
1386,公元前三世紀
1387,啟德機場
1388,1980年代
1389,1997年
1390,默頓學院
1391,庭園營造大師
1392,越南
1393,1914年
1394,紀念廣島原子彈爆炸
1395,2300多種，其中山參、靈芝、貝母、黃芪、木通、五味子、天麻、瑞香、杜香、細辛、草叢蓉等名貴藥用植物800餘種
1396,能夠當做燃料或者工業原料，活著或剛死去的有機物
1397,女性
1398,40倍
1399,1953年
1400,白色
1401,1856年
1402,忽必烈
1403,反革命事件
1404,王光美
1405,理察·科伯恩·麥克勞林
1406,西德
1407,1624年
1408,15%
1409,江青
1410,奈及利亞
1411,阿聯人
1412,1979年
1413,重力作用
1414,桑
1415,高地德語
1416,2005年4月24日正式就任，2013年2月28日
1417,1970年
1418,社會政治政策將矛盾在1857年激化到頂點。這次起義以前，英國殖民當局曾平息了多次騷亂和部落衝突
1419,淮安
1420,科學家
1421,10萬
1422,元世祖建國號為大元。雖然在元成宗到元惠宗
1423,抗佝病
1424,南島語系
1425,45%
1426,預算限制
1427,傳播媒體
1428,標誌
1429,元代
1430,43人
1431,基因靶向技術
1432,劉氏
1433,伸展台模特兒
1434,兩層
1435,志費尼
1436,中國共產黨
1437,療養地點
1438,1994年12月1日
1439,最高榮譽大獎
1440,錫克教
1441,1986年
1442,《安邦定國誌》
1443,水上人漁民，源自遠古百越族
1444,省級公園
1445,米高彭博原
1446,伊斯蘭教
1447,徐樹錚
1448,忽都虎
1449,歷史博物館
1450,半熱帶加勒比海島嶼
1451,對空警戒
1452,外國不可能介入內戰
1453,南朝鮮
1454,古代查莫洛社會
1455,公共救濟
1456,中華人民共和國
1457,大學
1458,九龍灣
1459,株洲、南昌
1460,人類的自殺就是指自殺的當事者是人類，也就是主自殺的當事者是一個當事人
1461,陳朝
1462,"11,000間"
1463,有色人種
1464,共產國際
1465,奧地利
1466,中央電視台高清綜合頻道
1467,石亭之戰
1468,聯合國政治委員會
1469,主體史學
1470,球皺褶
1471,1662年
1472,1896年
1473,第二產業
1474,俄羅斯
1475,伍斯特
1476,總能量
1477,展開針對現有政權的武裝鬥爭
1478,西夏
1479,熱帶土地
1480,正德十一年
1481,被時任太上皇的陳聖宗反抗而爆發戰爭。元軍大舉入侵，占領安南國都
1482,法國
1483,小溪流
1484,莫萊-明托改革
1485,沙俄軍隊
1486,200萬立方公尺
1487,黑龍江
1488,1992年
1489,北角區
1490,新界原居民
1491,少尉排長
1492,西日本
1493,印度教
1494,以下的聲音對基底膜的影響
1495,無性生殖
1496,網路龐克類型電影
1497,為免兩國爆發戰爭
1498,第十五屆奧運會
1499,鬍鬚狀
1500,郡委員會
1501,猴祭
1502,夜間攔截任務
1503,1953年
1504,迎接2010年上海世界博覽會的召開
1505,1980年
1506,1964年
1507,俄羅斯聯邦軍隊
1508,尋找
1509,路易斯一世
1510,《時代》
1511,極權主義
1512,斯特-立陶夫斯克條約》
1513,建築家路易·勒沃
1514,美國石油公司
1515,音速巡航
1516,阿森納女子足球俱樂部
1517,東吳
1518,愛德華一世於1272年在倫敦禁止燃燒海煤
1519,稻花沒有花瓣
1520,1929年
1521,其他歧視情況而很不快樂
1522,直隸東南代牧區
1523,蓋茲
1524,忽必烈
1525,福建人
1526,南斯拉夫內戰
1527,《塘沽協定》
1528,烏蘭烏德
1529,1897年
1530,巴拉克·歐巴馬
1531,2008年1月27日
1532,降低成本
1533,發展局
1534,杭州橋機場
1535,勃艮地人
1536,康邊停戰協定
1537,管理所屬行政區域的地方官員
1538,國家歷史文化名城
1539,衛奕信
1540,非歐幾里得幾何
1541,2009年
1542,全國重點文物保護單位
1543,忽必烈
1544,茶峒鎮
1545,未來以任何方式著陸埃歐的探測器都不需要安裝隔熱板來保護儀器
1546,惠金斯原理
1547,黑龍江
1548,教學大樓
1549,兩年
1550,1994年
1551,維護其典章制度
1552,國際太空探測器被送去探測彗星系統，其中最重要的是歐洲太空總署非常成功的喬托號
1553,每年判處死刑
1554,外蒙古扎薩克圖汗
1555,聖西門主義
1556,日本本土
1557,蔡
1558,德國
1559,《刑部大理寺狀》
1560,新南威爾斯州
1561,太陽運動
1562,聖方濟·沙勿略
1563,羅馬共和國時期
1564,鬍鬚狀，細短而多，隨著稻的成長數量會增多，稻株旁也會不斷長出小枝來。稻成為稻穗
1565,韓國
1566,藍屋
1567,圖西族
1568,最後一次
1569,七千萬
1570,侯寶林
1571,15世紀
1572,文藝喜劇片
1573,袁術
1574,高血壓
1575,北燕二部
1576,《中華人民共和國全民所有制工業企業法》
1577,試圖平衡人類和各種自然系統的關係，能夠讓各個成分取得合適的可持續性發展地位
1578,城市物質形態
1579,環境保護主義
1580,773年
1581,懷柔區
1582,七間
1583,民間反應不佳
1584,光緒十年
1585,1970年代
1586,希臘語
1587,西班牙
1588,這些心肌細胞在其動作電位的4期存在著一個自動去極化過程
1589,加拿大
1590,七個
1591,安定
1592,德國郵政
1593,乾旱
1594,《內戰記》
1595,北都會區
1596,甲午戰爭
1597,反共措施
1598,1910年
1599,拉丁字母
1600,1930年
1601,《英華字典》
1602,8.6%
1603,浙江海商
1604,巴西
1605,歐洲聯盟委員會
1606,增加人們的肅穆感
1607,聯合國安全理事會
1608,蘇聯
1609,七年戰爭
1610,100米
1611,咖啡因中毒
1612,國民政府
1613,漢江
1614,青光眼
1615,社會主義
1616,學會部
1617,1984年
1618,射擊斷續器
1619,5位
1620,芽孢炭疽桿菌
1621,1589年
1622,金代
1623,米高梅
1624,1988年
1625,記錄
1626,英國
1627,法國耶穌會
1628,19至20世紀
1629,鐵鉉
1630,傑瑞·威斯特
1631,《義勇軍進行曲》
1632,棉花的豐厚利潤加深南方對種植及奴隸的依賴。少部份奴隸的主人，特別是棉花
1633,卡洛·埃馬努埃萊一世
1634,郭沫若
1635,流放之地
1636,先來後到的土地分配衝突
1637,流體靜力平衡
1638,貝加爾湖
1639,厄德
1640,同性戀文化
1641,當時儒教興盛
1642,不道歉，只答應放人
1643,克里斯蒂安尼亞
1644,無限制潛艇戰
1645,哈大客運專線
1646,亞熱帶常綠闊葉林
1647,1937年
1648,普法戰爭
1649,提奧多雷
1650,約翰·莫根
1651,耐腐蝕性
1652,同治初年
1653,咖啡因
1654,「革命外交」政策
1655,1972年
1656,歸屬樞密院決定
1657,汪精衛
1658,體育部
1659,單斜棱晶體
1660,直系
1661,水牛城勇士
1662,孫中山
1663,七月初六
1664,英國施密特望遠鏡
1665,殖民政策
1666,
1667,聯合國安全理事會
1668,16世紀
1669,潮濕的大陸性氣候帶
1670,癌症
1671,猶太人，並霸占了他們的財產；隨後來自倫巴德的銀行家們也遭到同樣的厄運。1312年，在向教皇施加壓力要求宣布聖殿騎士團為異端。而後腓力四世處決了騎士團大部分高層人員後將大部分騎士團
1672,狄葆賢
1673,佩德納萊斯河
1674,皖系軍閥
1675,楚州人
1676,1964年
1677,1967年
1678,奧古斯都
1679,哲布尊丹巴
1680,丁
1681,負責制訂政策，並由各有關部門負責執行。香港特別行政區政府成立後，政府部門架構大致承襲英治時期，只是名稱有所變動，主要是將原「布政司署」改稱為「政府總部
1682,1861年2月9日
1683,閏3月19日
1684,文字
1685,安托萬·拉瓦錫
1686,伊斯蘭教
1687,平衡
1688,元聖
1689,參議院
1690,財源
1691,盧安達國家銀行
1692,皖南獨立團為基幹的皖浙贛獨立團
1693,德川家康
1694,經濟蕭條
1695,世族
1696,1853年
1697,銅鑼灣至太古
1698,民國34年
1699,1270年
1700,動力系統
1701,三個
1702,中華民國首任臨時大總統
1703,西伯利亞王國
1704,庄
1705,英國江河級驅逐艦
1706,1996年
1707,330平方公里
1708,基礎性純科學與應用科學上都有重大突破。他也有許多其他興趣愛好，如研究占星術
1709,巴爾的摩暴亂
1710,世界氣象組織
1711,衣服布料
1712,海河流域
1713,蒙哥
1714,700家
1715,中國溧陽茶葉節
1716,全市綠化比例高
1717,十二道金牌班師回朝
1718,澳大利亞
1719,大汗的汗庭處於蒙古高原上的和林哈拉
1720,5月20日
1721,7980年
1722,1962年
1723,青島海軍基地
1724,南涼禿髮烏孤注重農業，皆重視根據地
1725,簡易委託車站
1726,周恩來
1727,世界遺產名錄
1728,過境檢查
1729,視網膜神經節細胞
1730,黎元洪
1731,迪群股份有限公司
1732,中華民國台灣
1733,第二次世界大戰
1734,1961年
1735,白光
1736,陳誠
1737,1966年
1738,奈特·麥克米蘭
1739,無佛像時代
1740,1977年
1741,白色
1742,自由聯合關係
1743,三次
1744,英國
1745,使公民的人身權利不經審判被剝奪，同時沒有救濟的渠道
1746,《劃一現行各道地方行政官廳組織令》
1747,朝鮮的第二個國家主體
1748,1948年
1749,蒸汽膨脹
1750,隋帝
1751,副熱帶季風氣候區
1752,日本
1753,美國心臟學會
1754,大英帝國
1755,《八篇書》
1756,英法聯軍
1757,"65,000平方公里"
1758,路易
1759,合作派
1760,思覺失調症
1761,大惡臭
1762,1個
1763,1990年代
1764,阿弗剌昔牙卜
1765,24%
1766,高麗國
1767,後現代主義設計
1768,1828年
1769,布里昂·維伯成為了用戶網適度維基的釋出經理及其最活躍的開發者。隨著曼斯克程式第一版的釋出，該軟體曾被賦予了多項暱稱
1770,九部一處一會
1771,西安招待所
1772,1349年
1773,湯瑪斯傑佛遜
1774,新春期間
1775,郵值標籤
1776,席哈克略皇帝
1777,1990年10月3日
1778,宙斯
1779,農耕節
1780,俄國革命
1781,沿用舊戰術，而且欠缺強大火力掩護
1782,王猛
1783,比賽形式對弈
1784,敵我矛盾
1785,動物學名
1786,愷撒
1787,0.01%
1788,湖熟
1789,英國
1790,木衛一
1791,抑鬱症
1792,1993年
1793,外蒙古
1794,張聞天
1795,個人主義以及社會與經濟的差異性
1796,傳統思想
1797,五個
1798,通古斯地區過於偏遠
1799,安大略湖
1800,魚乾
1801,朝鮮王朝
1802,劉駿
1803,將部分河水導入恆河運河
1804,人民幣計價結算
1805,英國
1806,妹妹
1807,意識形態
1808,59歲
1809,傳統戰鬥機
1810,1928年
1811,5個
1812,
1813,聯合國總部大樓
1814,清咸豐年間
1815,君士坦提烏斯
1816,外省人
1817,澳洲人
1818,甲醇
1819,高句麗
1820,克羅埃西亞社區和斯洛維尼亞的人民黨不滿集權政策
1821,美國
1822,合作派
1823,中國地質大學，簡稱地大，是一所中華人民共和國
1824,1590年
1825,1941年
1826,卵子
1827,蒸汽膨脹
1828,十月革命
1829,俄羅斯聯邦最大的島嶼，位於北太平洋，日本以北，緊鄰哈巴羅夫斯克邊疆區，屬於薩哈林州
1830,劉少奇為了維護毛的權威，仍然參與到以空前的高調呼籲對毛的個人崇拜的浪潮中來
1831,新北市幅員遼闊，選舉人數超過三百萬
1832,1943年
1833,多倫多市
1834,社會文化
1835,9倍太陽質量
1836,赫伯特·喬治·威爾斯
1837,純的硫是黃色的晶體
1838,現金流量表
1839,德川家康
1840,日本
1841,−26.7
1842,有「新臺北／臺北／北部新設之市」的涵義
1843,南朝鮮
1844,1789年
1845,邦邦政府
1846,泰勒斯
1847,49.7%
1848,公民投票以決定其主權歸屬
1849,鮑羅廷
1850,杜林
1851,金合歡
1852,7%
1853,黃埔軍校
1854,《紅樓夢》
1855,一百多年
1856,1920年
1857,雲南
1858,中國明清兩朝
1859,電子郵票
1860,漢越詞
1861,經濟控制
1862,東非國家
1863,俄國
1864,成熟階段
1865,閉門思過
1866,吠陀梵語
1867,1950年代
1868,甲醇
1869,湯·韋迪加
1870,托木斯克州
1871,提奧多雷
1872,軍用航太
1873,706萬
1874,中國通俗文化
1875,伊莉莎白
1876,義大利
1877,2000年
1878,1932年
1879,《天國的階梯》
1880,獨立人士
1881,阿布巴卡爾
1882,台北曲藝團
1883,《古魯·格蘭特·薩希卜》
1884,1865年
1885,翟中和
1886,1924年
1887,中央印製廠
1888,30%
1889,楊宇霆
1890,法國
1891,詹姆斯·梅特蘭·史都華
1892,周恩來
1893,銃炮
1894,光化學煙霧
1895,藍營
1896,國務會議
1897,洛厄爾天文台
1898,「加拿大式雙打
1899,三名
1900,中日甲午戰爭
1901,臺灣海峽
1902,電氣化鐵路
1903,《十六國春秋》成書之後，中國傳統史家依此思路整理史料，才開始將五胡的具體內涵確定下來。日本學者礪波護在《隋唐帝國與古代朝鮮》
1904,2006年
1905,中華民國實業部
1906,1966年
1907,金融中心
1908,大學生的城市
1909,約翰·洛克菲勒
1910,1960年代
1911,1815年
1912,埃德溫·哈勃
1913,漢字借音
1914,必要性
1915,議會制
1916,1977年
1917,東西伯利亞喇嘛教則例
1918,美國國家動物園
1919,五分之一
1920,畢生代表作
1921,魔獸英雄傳
1922,克倫威爾路
1923,家園
1924,日本
1925,在美國硫酸是所有生產得最多的化合物
1926,德國
1927,水門事件醜聞
1928,二線北段中山港大橋擴建工程
1929,1人，由閻錫山
1930,1997年
1931,托爾金
1932,龍興之地
1933,開放市場的需要
1934,阿伊努人
1935,1919年
1936,3.8%
1937,然氣發電站和和緊鄰威廉港海灣的兩座燃煤發電站
1938,麥克阿瑟
1939,25個
1940,擊球方法
1941,帕西瓦爾·洛厄爾
1942,八事件
1943,黑色
1944,澎湖
1945,亞硫酸
1946,理學
1947,1998年
1948,民國時期
1949,主席
1950,1950年
1951,高輻射的環境
1952,維基媒體
1953,二氧化碳
1954,1939年
1955,清朝末年
1956,城堡
1957,哲學原理研究
1958,70年代中期
1959,第六次全國人口普查
1960,熱帶加勒比海
1961,1455年
1962,鄧穎超
1963,代表宇宙秩序
1964,傳統音樂
1965,為了提防燕王謀反
1966,萬國郵聯法規文件
1967,土耳其
1968,恢復市場的功能
1969,北非的希波大會
1970,中華民國政府
1971,1834年
1972,淋巴液
1973,官方文告
1974,1901年
1975,十八歲
1976,近年
1977,農歷新年
1978,阿布海兒汗時代
1979,緊急能量補充
1980,1312年
1981,1888年
1982,30℃
1983,英國國防科技實驗室
1984,無性別的宦官與宮女的結合
1985,兩個
1986,清光緒三十二年又創辦了西南師範大學的前身川東師範學堂
1987,1989年
1988,元武宗
1989,天文學家
1990,國家計劃委員會
1991,中國
1992,國際非政府組織
1993,2014年12月
1994,中部科學園區
1995,台北市立體育場
1996,曹議金
1997,冷戰期間
1998,1928年
1999,收容遣送制度
2000,中國國民黨
2001,《寂靜錢鍾書》
2002,「當有許多好女孩時，跳舞是一件樂意的事。」
2003,金黃飽滿
2004,營口海關
2005,水軍
2006,中國青年黨
2007,氧燃燒過程
2008,劉少奇
2009,瑞士洛桑國際管理學院
2010,1950-1980
2011,著陸
2012,社會現實
2013,白人
2014,幾何學
2015,1998年1月1日
2016,《風之國度》
2017,拜占庭政府中的蠻族事務局
2018,喀爾喀人
2019,首席的元老
2020,11世紀
2021,阿普列尤斯
2022,猶太人
2023,光度
2024,中華人民共和國
2025,省務會議
2026,1610年1月7日
2027,荷蘭
2028,「喬治亞共和國
2029,1835年
2030,六四天安門事件
2031,遠距離傳輸
2032,通俗的
2033,每秒30轉
2034,心理上的打擊是非常大的
2035,1955年
2036,1987年
2037,洪堡
2038,1847年
2039,唐玄宗
2040,1968年
2041,不動產
2042,因其英文縮寫首字母為「·ㄎㄟ·ㄨㄞ
2043,林肯總統
2044,養殖漢諾瓦馬、歐登堡馬和其他血統的馬
2045,元末民變
2046,曼尼托巴省的農業發展提供了條件。規模化的農業只存在於該省的南部地區，雖然在地區有穀物種植。最常見的農業活動是畜牧業
2047,第一連連長
2048,1599年
2049,3期
2050,香港國際機場
2051,社會主義
2052,段祺瑞
2053,歐洲大陸的軍事強權。拿破崙在美國內戰初期，支持美利堅聯盟國
2054,高句麗
2055,外蒙
2056,溧陽籍
2057,學權部
2058,林肯總統
2059,科什圖尼察
2060,6000條
2061,進步主義
2062,500毫升
2063,太陽
2064,民國元年
2065,蒙古人
2066,正德十一年
2067,髒層
2068,希伯來語
2069,經濟學人智庫
2070,陳雲
2071,釣魚城之戰戰死
2072,瀧川幸辰
2073,莫高窟
2074,電穿孔細胞
2075,珍藏著沙勿略的部份遺
2076,1次
2077,1924年
2078,梁啟超
2079,白米
2080,洋馬兒
2081,敗壞
2082,1米93
2083,鹿兒島
2084,戀愛婚姻對象
2085,鐵路機車
2086,清潔空氣法》
2087,傑米尼安諾·蒙塔納利
2088,非逃港者
2089,柏拉圖
2090,傳統習慣法
2091,消耗戰
2092,菲利浦五世
2093,阿爾卑斯山
2094,炮兵科教官
2095,1984年
2096,何鳳山
2097,一億光年
2098,1995年
2099,大的巨星
2100,日語
2101,德國的中心城市
2102,19世紀
2103,草本
2104,涵元殿
2105,奧古斯特·魏斯曼
2106,1971年
2107,漢諾瓦
2108,徐世昌
2109,影響哺乳
2110,民國18年
2111,俄羅斯人
2112,1916年
2113,法國東部
2114,灣仔
2115,拉丁語
2116,南亞
2117,畢達哥拉斯
2118,貝聿銘
2119,世界的中心
2120,第53
2121,工業革命
2122,耶穌會
2123,一次世界大戰時期
2124,安眠藥
2125,史坦波中心
2126,《科學怪人》
2127,詹森
2128,-16
2129,德國
2130,麥健時報告書》
2131,淮安
2132,劉裕
2133,中共中央副主席
2134,毒氣
2135,連接子
2136,普洱專區
2137,安定
2138,溫布頓網球錦標賽
2139,國君身邊的齊泰和黃子澄為奸臣
2140,1569年
2141,三菱重工業長崎造船廠
2142,申城
2143,德川家
2144,河川
2145,岩石圈
2146,香港日治時期
2147,聯邦儲備系統
2148,1925年
2149,將古代鹽場轉化為住宅及工業區，其後計畫在荃灣、沙田及屯門三地發展成衛星城市
2150,德國
2151,亞熱帶
2152,1975年
2153,古希臘
2154,思想
2155,官方語言韓國
2156,俄羅斯車里雅賓斯克
2157,王藍
2158,胡錦濤
2159,東晉元帝
2160,恆星大氣層
2161,漢字
2162,絲綢之路
2163,5642米
2164,殺蟲劑中毒
2165,寮國
2166,杜魯門主義、馬歇爾計劃、和。然而，華萊士的支持者以及黨內的極左翼最後遭到驅逐，而代表工會的產業工會聯合會
2167,積水潭
2168,屠夫
2169,南奧塞提亞自治區
2170,浮動匯率制度
2171,農業
2172,秋天
2173,將兩國國界以黑龍江為基本界限劃清
2174,永興」
2175,雲南省
2176,德國
2177,扶植農業
2178,陽邁二世
2179,艾瑪·史東
2180,一大批來自原第三帝國東部的難民想要在這個地緣遼闊的邦找到棲身之地
2181,聯邦在內戰中取勝
2182,玉泉北路
2183,1789年
2184,280天
2185,旅遊業
2186,德謨克利特發揚光大。其後以柏拉圖
2187,國家地質總局
2188,2007年
2189,國家歷史文化名城
2190,維基媒體基金會
2191,一省
2192,道里根加河
2193,非婚生
2194,幼兒教育
2195,最佳演唱團體獎
2196,胡氏
2197,防火能力
2198,精神醫學
2199,機炮
2200,寧古塔副都統
2201,德國柏林影展
2202,接合
2203,第四心音
2204,唐朝
2205,世襲制度
2206,韓國海關
2207,新南威爾斯州
2208,2009年
2209,牛胃氣膨脹
2210,白河
2211,吠陀梵語
2212,這是受道家老子思想的用詞影響
2213,女性模特兒
2214,公共事業振興署
2215,電磁波研究
2216,1950年代
2217,福爾摩沙高速公路
2218,高科技產業
2219,東芝
2220,新北市
2221,川本芳昭
2222,伊斯蘭世界的海權
2223,一年
2224,商業貿易
2225,八六學潮
2226,2002年
2227,620年
2228,民國2年2月25日
2229,第一公民
2230,現代主義
2231,天主教
2232,美利堅聯盟國
2233,克勞狄二世
2234,1958年
2235,1929年
2236,《禁書目錄》
2237,心室底壁組織
2238,中國
2239,湯瑪斯·勃蘭契特·瑞德
2240,周恩來
2241,超音速
2242,-51戰鬥機
2243,新石器時代
2244,1939年
2245,模擬別人的言行
2246,1897年
2247,李察·賓特利
2248,印尼
2249,康熙四十八年
2250,荊州
2251,摩利爾法學院
2252,28個協商國
2253,克里米亞戰爭
2254,重慶機
2255,北京
2256,1945年
2257,倭寇
2258,世稱恭順」
2259,1972年
2260,2013年
2261,史達林
2262,佳木斯
2263,1918年
2264,棕矮星
2265,非金屬類材料
2266,阿拉貢王國
2267,聯合國人權委員會
2268,庫里爾台大會
2269,電漿態的氫
2270,頭
2271,賓夕法尼亞州大學
2272,二氧化碳
2273,儲備量
2274,毛奇
2275,
2276,後代
2277,熱帶草原氣候
2278,王白駒
2279,劉備
2280,第四心音
2281,三國志•吳書•孫和傳
2282,動力
2283,道格拉斯
2284,玉米
2285,拜占庭帝國
2286,三個
2287,民國25年
2288,松花江
2289,法國
2290,寧宗
2291,兩個太陽能電池板
2292,2008年
2293,北韓第13屆最高人民會議第2次會議
2294,紅水河
2295,新蒙古人種
2296,斯芬·佩斯
2297,20世紀70年代初
2298,大道東附近
2299,6.6千兆瓦來自下薩克森邦
2300,副熱帶濕潤氣候
2301,1200萬名
2302,總督官職
2303,2007年
2304,4.03億戶
2305,1982年
2306,林天宏
2307,杜篤瑪
2308,12個
2309,西伯利亞
2310,櫻花大道
2311,焦爾達諾·布魯諾
2312,國際網球協會
2313,新州郡名
2314,真實的故事
2315,官僚主義者階級
2316,刺史
2317,原始心臟的結構，可以從胚胎期心臟的結構中了解。這是一根管道上有四個腔隙
2318,1180年
2319,三歲
2320,失眠
2321,雷焦卡拉布里亞國家考古博物館
2322,阿克爾自治市
2323,香港人
2324,都市計劃
2325,西班牙
2326,布爾人
2327,用力動作
2328,校園一卡通
2329,2比1
2330,銃炮
2331,二氧化碳
2332,新杜老誌夜總會
2333,何應欽
2334,金銀珠寶
2335,10世紀
2336,1939年
2337,收藏品
2338,噪聲
2339,愷撒
2340,白河
2341,蘇維埃社會主義共和國聯盟
2342,音樂方面
2343,《四十二章經》
2344,神聖羅馬帝國
2345,工業發展
2346,海因利希・弗格勒
2347,五
2348,景洪市
2349,憲法
2350,為爭取陽光
2351,《失落的故事集》
2352,1918年
2353,1563米
2354,原始宗教
2355,1區
2356,兵器發明
2357,杭州
2358,地面雜訊
2359,1950年
2360,馮特
2361,彰化市民代表會
2362,法國大革命時期
2363,明朝
2364,2012年
2365,朱德
2366,陳元帥
2367,漢武帝時期
2368,1958年
2369,東內蒙
2370,西排立
2371,朝鮮語
2372,主序帶
2373,電磁波理論模型
2374,德國聯邦印刷所
2375,1938年
2376,2014年
2377,杜老誌夜總會亦是位於這裏
2378,2007年
2379,法國
2380,王國的東部領土完整的整合成一塊，而不再是飛地
2381,外匯商店
2382,鞏固自己及子孫的統治
2383,蒙古語
2384,有機化合物
2385,元太宗
2386,"15,625億"
2387,印度教經文
2388,1230年
2389,918年
2390,北非作戰階段
2391,私營業主
2392,1987年
2393,連線酶
2394,人民抗金力量，締造了「連結河朔」之謀，主張黃河以北的抗金義軍和宋軍互相配合，夾擊金軍
2395,加時賽
2396,加拿大式雙打
2397,心球
2398,梁
2399,40年
2400,2901.3平方公里
2401,新北市
2402,郭守時擔任都水監
2403,高等學校新生入學考試制度
2404,靠近中國大陸的大陸型氣候，氣溫比台北低
2405,「學習偉大領袖毛澤東
2406,19世紀
2407,檀君古朝鮮
2408,清廷自盛京遷都北京，1655年6月清順治帝
2409,楊亨燮
2410,清宣宗時代
2411,蒙漢兩元政治
2412,黑色貝雷帽
2413,三國史記
2414,四次
2415,林彪
2416,勞動
2417,1973年
2418,錫克教
2419,分裂
2420,社會輿論
2421,1603年
2422,一分
2423,火山國家公園
2424,2002年
2425,速度方面
2426,新石器時代
2427,孔齊言
2428,李·德富雷斯特
2429,1958年
2430,世界氣象組織
2431,通貨膨脹
2432,1820年代
2433,庫務局
2434,
2435,天主教
2436,第二產業
2437,1958年
2438,民主
2439,琉璃瓦
2440,"7,920公里/小時"
2441,仙台市
2442,史和平
2443,蓋銷
2444,哈爾濱
2445,1967年
2446,義和團事變
2447,混合苦膽的酒
2448,洪武三十一年
2449,關島組織法
2450,2008年
2451,邊防武警
2452,彼得二世
2453,19世紀晚期
2454,收入
2455,合不勒汗
2456,高句麗
2457,窩闊台汗國
2458,民國14年
2459,俄羅斯人
2460,巴納德
2461,量子光學
2462,城鄉收入差距小，農民與城市居民收入
2463,哈德遜河
2464,全國地圖正保御國
2465,民國3年6月24日
2466,投保人
2467,低質量
2468,斯普雷格·杜岡
2469,港島區
2470,1221年
2471,阿得雷德的去世，也引起了皮埃蒙特地區的內戰，即當地的權貴家族和被認為是「外人」的薩沃亞家族之間的戰爭
2472,《中華人民共和國憲法》
2473,二十歲
2474,大滿貫男子單打比賽
2475,中村法道
2476,瓊山
2477,真金
2478,391年
2479,英國精神醫學期刊
2480,1849年
2481,1260年
2482,13小時
2483,氦
2484,戰基處營區土地
2485,蒙古貴族
2486,丁尼一世
2487,黑死病
2488,第二次世界大戰中納粹德國戰敗
2489,東海岸
2490,硫化物
2491,氮化硫
2492,三屆
2493,1972年
2494,對象
2495,數百萬克耳文
2496,哲布尊丹巴
2497,止痛會延長生產過程，以及影響哺乳
2498,6位
2499,司馬休之
2500,煤煙消除會在1898年成立，是世界上最早的環保非盈利機構
2501,公民化
2502,中小型企業眾多，經濟結構已經由高科技產業取代原先的勞力密集工業
2503,國民政府時期
2504,海因里希·赫茲
2505,傻瓜塔
2506,朱棣
2507,粵菜
2508,五大湖區
2509,威廉·赫歇爾
2510,快官交流道與省道台74線連結，是臺灣西部平原丘陵區上第二條南北縱向貫穿全島的高速公路
2511,《動員戡亂時期臨時條款
2512,金國
2513,1989年
2514,花垣鎮
2515,男性人口
2516,毒品
2517,7%
2518,韓國
2519,梅艷芳是女低音
2520,酒宴後酒醉
2521,德國
2522,強力政府
2523,保羅·費耶阿本德
2524,索契
2525,比利時
2526,重慶理工大學
2527,支持臺灣獨立
2528,新天皇
2529,托木斯克
2530,葛摩
2531,1897年
2532,《臺灣自救運動宣言
2533,詳細規劃
2534,十億年
2535,16世紀
2536,克羅埃西亞
2537,1950年代
2538,1500公里
2539,南極條約協商會議
2540,布里亞特人
2541,建炎二年
2542,宣統三年九月九日
2543,1849年
2544,279年
2545,中國大陸
2546,西元前1534年
2547,瓦倫本哥國家公園
2548,1906年
2549,道家老子
2550,1950年
2551,1640年
2552,交通不便
2553,威尼斯人
2554,東涌線
2555,梅艷芳是女低音
2556,##3年3月1日
2557,1997年
2558,1991年4月
2559,西元977年編的太平廣記是古代小說總集，該書描寫一千多年前戰國時代
2560,國家預防腐敗局
2561,許多機種都有噪音過大的問題、因此必須遠離住家
2562,大學生研究計劃
2563,明治三十九年嘉義大地震
2564,1994年
2565,王亞南
2566,石水渠街
2567,八零年代
2568,1233年
2569,稻米
2570,瑞派克路
2571,晶片廠
2572,第二代
2573,較少
2574,康熙三十二年
2575,重工業
2576,中央印製廠
2577,1952年
2578,政治反對領袖遭到執政政府的暗殺
2579,多用途導彈驅逐艦
2580,十月革命
2581,金正恩
2582,手機照片
2583,公元10世紀
2584,1904年4月1日
2585,有「新臺北／臺北／北部新設之市」的涵義
2586,二氧化硫
2587,興十一年
2588,幻境
2589,調節氣溫
2590,日本青年社
2591,廣東籍
2592,卡拉布里亞
2593,自由派
2594,1990年代
2595,秋明州
2596,倫敦煙霧事件
2597,妹妹
2598,自由
2599,韓國
2600,不穩定性
2601,北方太平洋品種的大馬哈魚常於9－10月回到黑龍江、烏蘇里江等河中產卵
2602,亨利克萊
2603,歐美國家
2604,洛東江
2605,赫爾伯特·查普曼
2606,噪音過大
2607,廿八歲
2608,北平
2609,1961年
2610,「印度國民軍士兵大審判
2611,榮休教宗
2612,美日領事機構
2613,2比1
2614,參議院
2615,1861年
2616,1991年
2617,臺灣
2618,1953年12月
2619,白紀末滅絕事件
2620,1月27日
2621,曼莫漢·辛格
2622,刺激性
2623,七七事變
2624,民主黨
2625,1895年
2626,中華民國99年12月25日
2627,萊茵魯爾
2628,火山口
2629,拒絕投降
2630,慈禧皇太后
2631,1600分
2632,保羅•狄拉克
2633,失分
2634,第一次鴉片戰爭
2635,「特殊黨員
2636,中國文化
2637,蔡素玉
2638,加拿大
2639,工藝上的難度不獲好評
2640,中國特色社會主義理論
2641,2008年
2642,4個
2643,溫州
2644,漢諾瓦
2645,《宅地法
2646,中途公園
2647,駐越美軍
2648,燈罩
2649,高房價
2650,2015年
2651,1948年12月1日
2652,效益主義的貢獻在於定性分析幸福
2653,解放軍
2654,1946年
2655,伊斯蘭教
2656,元弘之亂
2657,6-8月
2658,伊斯蘭教蘇菲派一神論
2659,中國電信
2660,第二次世界大戰
2661,加勒比人
2662,理論心理學
2663,尋找和測量基因產物
2664,140.82萬人
2665,唐朝
2666,攔截機
2667,克列孟梭
2668,空氣隔絕
2669,中國人民解放軍總參謀部警備部
2670,遜位
2671,科學園區
2672,1806年
2673,最早居民
2674,外交接觸在百濟個性溫和的雕塑
2675,麻州
2676,杜林
2677,庫侖阻力
2678,沒有完整校舍
2679,紅衫軍運動
2680,耶穌會
2681,西塞羅
2682,英軍司令部
2683,以農養工
2684,南斯拉夫人民聯邦共和國
2685,2013年
2686,三重忠孝橋
2687,麥可
2688,1960年
2689,高崗
2690,1930年
2691,海水淡化
2692,大學文憑
2693,台灣小百岳之一
2694,爭議性
2695,1779年
2696,印尼
2697,人本主義
2698,首爾塔洞公園
2699,建議安理會重新審查五國的申請
2700,大清帝國
2701,電視
2702,3%
2703,2013年稻的總產量占世界糧食作物產量第二位，僅低於玉米
2704,1870年普法戰爭
2705,什錦麵
2706,實質利潤
2707,中東
2708,民國三十八年
2709,少尉排長
2710,阿爾比派
2711,鮭魚
2712,中國大陸
2713,甘蔗
2714,足利高氏早已不滿北條氏專制政權
2715,第一個用戶嘗試儲存網頁
2716,約翰·福特
2717,昆明公交公司
2718,2011年
2719,巴洛克風格
2720,《七五憲法
2721,2008年
2722,納粹黨
2723,清政府
2724,拿破崙
2725,英國
2726,漢魏故城
2727,1920年代
2728,鐵路，地面卻毫無傷，只有火車正上方被炸飛；張作霖替身搭乘之其他火車仍在張作霖所搭乘之火車之前後方行駛，因此炸死張作霖事件顯然是由張陣營內部人士策劃，炸藥是裝在張作霖所搭乘車輛之天花板或其他地方，這樣策劃者能在車輛抵達下方時按下開關，從而製造出爆炸
2729,威廉一世
2730,定向天線
2731,第1668號
2732,1702年
2733,降低壓縮氣體的溫度
2734,廣東人
2735,同盟國
2736,2006年
2737,臺灣國語
2738,伊莉莎白女王醫院
2739,河運
2740,俄羅斯南部
2741,國際動物命名委員會
2742,黃金自由貿易
2743,小說
2744,集中式太陽能發電站
2745,大韓帝國
2746,蘇
2747,265任
2748,坑口絞車操作員
2749,死亡
2750,40人
2751,托土拉島是英屬維京群島內最大的島嶼，全島大約長20公里，闊5公里
2752,告士打道
2753,日本各鐵路公司
2754,極端設計
2755,69個國家和地區的奧運代表團參加了第十五屆奧運會。其中有12個
2756,米花糖
2757,伽利略
2758,1875年
2759,裏海
2760,1863年
2761,##8年
2762,16世紀末葉
2763,1829年
2764,杜林
2765,2008年
2766,豐臣氏
2767,蜥腳類恐龍
2768,尹伊桑
2769,拿破崙
2770,267年
2771,京大年度慶典
2772,中華人民共和國
2773,愛格思海金斯公司
2774,郡委員會
2775,1994年
2776,《羅馬十二帝王傳》
2777,呂蒙
2778,傑斐遜·戴維斯
2779,1821年
2780,70%
2781,狩獵採集社會
2782,第三世界國家
2783,國民黨
2784,入學考試
2785,擔心引起教會勢力的強烈反彈
2786,大瘟疫
2787,鄂圖曼帝國
2788,1986年
2789,古代
2790,1951年4月13日
2791,基督教
2792,心血管疾病
2793,科技研發體系在其規模及發展速度上是俄聯邦最年輕且少有的科技研發體系之一。在秋明州有37家科研單位從事科研活動。他們每年進行大約2000項科學調查研究項目
2794,元朝
2795,黃鐵礦
2796,義大利戰爭
2797,重要現代環境立法
2798,中國
2799,納粹德國
2800,募兵制
2801,1933年
2802,2015年
2803,羅禪征伐
2804,19世紀
2805,基督教
2806,《有關國軍參與海外派遣活動的法律案》
2807,為現代網球史上最早的比賽
2808,華沙
2809,伯力
2810,外交政策
2811,氣流機制
2812,8世紀
2813,約翰二世·科穆寧皇帝
2814,凡爾賽宮宮殿
2815,北海道帝國大學農學部
2816,2008年
2817,信陽
2818,「地區邊界
2819,動作指令
2820,動物命名法
2821,2016年
2822,1789年
2823,總指揮
2824,國際生物科學聯合會
2825,屬下被朝廷處死
2826,金靴獎
2827,華沙公國
2828,考古學
2829,莫哈梅·西亞德·巴雷
2830,萊茵河
2831,氧化亞氮
2832,爭議的書信
2833,姜姓
2834,攻占納哈出的金山
2835,期貨交易所
2836,內燃機引擎
2837,銀熊獎
2838,1968年
2839,靜止心率
2840,《舊金山和約》
2841,10名
2842,1989年
2843,武昌起義
2844,直接管理寺院周圍13莊政教事務
2845,殺傷力大
2846,第一波新政
2847,非歐幾里得幾何
2848,1976年
2849,地球大氣層及其他天體之外的虛空區域
2850,行政院大陸委員會所作的的民意調查
2851,1960年代
2852,楊森
2853,1859年
2854,為了更好的與羅馬帝國進行貿易活動
2855,學權部
2856,杜慧度
2857,粵西
2858,東德
2859,印度河文明
2860,约瑟夫·斯卡利格
2861,湖州人
2862,維多利亞港
2863,郵箱業務
2864,20%
2865,分發式政策
2866,馬可福音
2867,1982年
2868,比利時人
2869,1000米
2870,馬關條約
2871,羅斯福
2872,大陸性季風氣侯
2873,214
2874,68席
2875,過渡時期憲法
2876,益州
2877,段氏
2878,1953年至1957年
2879,可壓制武力的武器
2880,海南特別行政區海口市
2881,公立研究型大學
2882,雌雄同體
2883,共同祖先說
2884,軍用機種
2885,泰國
2886,2000年
2887,30日
2888,護航艦艇
2889,健康寫實電影成為電影界主流
2890,第26屆
2891,武漢大學
2892,第二心音
2893,1989年
2894,史達林
2895,新北市的主要行政區過去皆為全面依賴臺北市的衛星城市
2896,英國
2897,廣州鐵路公司
2898,軍用航太
2899,社交活動
2900,孫傳芳
2901,元滅宋之戰
2902,亞歷山大·羅德
2903,阿卡狄烏斯念
2904,9月
2905,《農書》
2906,周恩來
2907,中世紀中期
2908,美國登山車協會
2909,伊斯蘭教
2910,台南
2911,精神醫學
2912,學費較高
2913,1987年
2914,使徒體驗課
2915,1849年
2916,直布羅陀海峽
2917,主動宣傳
2918,在一固定期間內，一家機構的現金增減變動情形
2919,1921年
2920,鏡廳
2921,安帝
2922,文化大革命
2923,托列斯海峽
2924,自由民主黨
2925,印度洋
2926,30歲
2927,大致平坦的地貌
2928,磷礦石
2929,美國
2930,克羅埃西亞
2931,1512年
2932,成熟階段
2933,肌萎縮性脊髓側索硬化症
2934,軍事防衛
2935,奴隸
2936,《關於托勒密和哥白尼兩大世界體系的對話》
2937,工具
2938,電燈泡
2939,種族
2940,南成旭
2941,盧安達
2942,英格蘭體育俱樂部
2943,厄爾布魯士峰
2944,南京國民政府
2945,明朝
2946,武器設計製造人才
2947,2002年
2948,稀薄
2949,8.6%
2950,科學博物館
2951,冬無嚴寒
2952,1874年
2953,維吾爾語
2954,金泳三
2955,擅長隨心所欲控制自己的體重
2956,新生代時期
2957,勒克瑙協定
2958,國防報告書
2959,木華黎
2960,電動機
2961,國家宗教事務局
2962,聯合國
2963,內需市場
2964,大西洋鮭
2965,朝鮮人民軍大將
2966,啟德機場
2967,澳大利亞
2968,日本
2969,希伯來語
2970,沉默寡言
2971,汽運
2972,敦煌石窟
2973,鍾祥蘭台宮
2974,朝鮮
2975,1972年
2976,布里斯托國際熱氣球節
2977,兩天
2978,喀喇汗國
2979,颶風戰鬥機
2980,黨內上層
2981,1932年
2982,1952年
2983,葛摩
2984,2003年1月12日
2985,釣魚臺
2986,安全閥
2987,村民委員會
2988,猶太會堂
2989,佐世保市
2990,《韓國憲法》
2991,忠武
2992,長江水域
2993,道元禪師
2994,1637年
2995,西晉
2996,西人黨
2997,民國26年上半年
2998,墨西哥南部
2999,一次世界大戰時期
3000,大朝鮮國
3001,鋼筋混凝土
3002,熱帶稀樹草原
3003,1171年
3004,《樸茨茅斯和約》
3005,織田氏
3006,社會經濟
3007,民國四十三年
3008,員總選舉
3009,魏源
3010,保祿六世
3011,阿拉伯宗教
3012,2個
3013,印度-雅利安語言
3014,元帝不重視科舉
3015,七年戰爭
3016,艾瑪·史東
3017,1629年與1636年
3018,第三產業
3019,兩極
3020,德宏州
3021,25個
3022,喬治·史蒂芬生還在基林沃思煤礦做一個坑口絞車操作員；他被之前由特里維西克和赫德利
3023,丁尼一世
3024,華北平原
3025,振州
3026,基爾人。克里米亞靼人
3027,李時珍
3028,舊莫比爾
3029,埃及
3030,辛亥革命
3031,廣東人
3032,十年
3033,伊斯蘭教
3034,正二品
3035,六四天安門事件
3036,劉少奇
3037,《北京條約》
3038,1976年
3039,1959年
3040,縣內生產總值
3041,國民議會
3042,第二產業
3043,動方
3044,內閣
3045,歐洲工業文明
3046,15566人
3047,冷戰格局的結束和世界東西方關係的緩和，韓國調整其以往只與西方資本主義國家發展關係的外交政策
3048,300公厘
3049,廖內省
3050,南宋洪邁
3051,淮安區
3052,大拇指
3053,中共中央書記處
3054,2002年
3055,50%
3056,西里爾字母
3057,殖民勢力
3058,中國共產黨紀律檢查機關
3059,第五大
3060,契約經濟
3061,鐵路線
3062,河本大作大佐
3063,保護蒙古人地位
3064,工農業
3065,資本主義
3066,世襲
3067,金正恩
3068,戰艦
3069,瓜分
3070,唐朝至德二年
3071,米高彭博原
3072,1867年
3073,劉少奇
3074,90年代
3075,溫尼伯國際機場
3076,瑞士伯爾尼
3077,有效投資比不上實質利潤而引發的經濟蕭條
3078,2部
3079,宜蘭海岸國家風景區管理處
3080,黑龍江
3081,帕提亞
3082,長水村
3083,秦漢時期
3084,居民委員會
3085,民國29年
3086,降低貸款利息
3087,1980年2月24日
3088,通化市
3089,鄭成功
3090,烏茲別克斯坦
3091,玉米
3092,金銀油彩
3093,補夥伴關係
3094,2006年
3095,庫納巴拉班的慶典
3096,法西斯主義
3097,史都華的影迷太多
3098,朝鮮的第二個國家主體
3099,1887年
3100,西德
3101,「製導合一
3102,腳
3103,駱克道
3104,71.7公里
3105,拜占庭帝國
3106,收縮性
3107,廣電總局
3108,「十三翼之戰
3109,蔣介石
3110,查理檢查站
3111,京杭大運河
3112,雲貴高原
3113,喀喇汗國
3114,1917年
3115,紅衫軍運動
3116,兵分二路，各個擊破
3117,烏來區
3118,綠窗口
3119,電壓
3120,希臘文化
3121,幽州
3122,過多不同族裔分據各方的政局，仍然有動盪不穩定的隱憂
3123,直皖戰爭
3124,1970年代
3125,相聲
3126,都察院左都御史
3127,周恩來
3128,貴霜帝國
3129,世紀五十年代中期
3130,南海縣
3131,《華府風雲》
3132,韓國
3133,過度漢化
3134,24.5公里
3135,李東陽
3136,1916年
3137,100%
3138,速度單位
3139,印度教
3140,議定書
3141,尼古拉杜霍寧
3142,浙江紹興浙軍第二旅第六團第三連當見習官
3143,以適應對外開放的需要
3144,信陽市
3145,1782年
3146,1867年
3147,日本武士時代
3148,自強學堂
3149,貝爾格勒
3150,日產汽車
3151,政府財政撥款
3152,1918年
3153,1972年
3154,鐵
3155,巴拉馬利波
3156,十字軍十字軍
3157,有絲分裂
3158,路德
3159,阿拉伯字母
3160,二氧化碳
3161,1987年
3162,《蒙古秘史》
3163,三民主義青年團書記和中央訓練團教育長
3164,中國人民銀行
3165,都市
3166,特洛依銅像前，雙方學生代表
3167,2016年
3168,土地改革
3169,..
3170,荷蘭皇家研究所
3171,周恩來
3172,1739年
3173,民族文化多元化
3174,《開槍射擊令
3175,主教路小學
3176,商業上的活力
3177,忻城縣
3178,東側
3179,田春蔚
3180,冬季奧運會
3181,屬名
3182,農礦部
3183,艾薩克·牛頓
3184,馬薩諸塞州
3185,6世紀
3186,第一個階段
3187,塞爾維亞
3188,麗貝卡·布蘭克
3189,《義勇軍進行曲》
3190,太平洋戰爭
3191,西元28年
3192,同化政策
3193,新杜老誌夜總會
3194,北京
3195,1944年新年
3196,文藝復興主義
3197,軸心國
3198,15年
3199,燕國
3200,俗世什一稅
3201,受貨幣經濟影響
3202,昭陵墓誌
3203,1967年
3204,匈牙利
3205,埃爾南多·德·索托
3206,31個
3207,新傾向派文學
3208,板橋區貴興路
3209,壁山
3210,拉彼魯茲
3211,奧圖·普萊明傑
3212,1235年
3213,電力
3214,新店溪水系流域
3215,獨立議會
3216,2015年6月
3217,伊斯蘭哈里發軍隊
3218,新北市
3219,近代光學
3220,波多黎各
3221,1945年
3222,高麗
3223,鱷魚
3224,格爾拉赫峰
3225,35號決議
3226,客車整備
3227,日本官方縮小的統計數字
3228,江北地區
3229,希臘文化
3230,19世紀
3231,中山傳統的本地菜式以粵菜
3232,瓦倫提尼安
3233,鐵穆爾
3234,倭國
3235,1949年
3236,拜占庭帝國對外政策
3237,會長
3238,基督教保守派組織78.5萬美金
3239,昆明原機場昆明巫家壩國際機場
3240,日產汽車
3241,有尾目
3242,中央軍委議事協調機構
3243,游隼
3244,1961年
3245,約翰•波羅金侯恩
3246,13世紀
3247,分布式參與項目星系動物園的觀察結果
3248,傑羅姆萊特文
3249,漢族
3250,7席
3251,小高加索山脈
3252,全國經濟委員會
3253,軍事科研活動
3254,中國共產黨紀律檢查機關
3255,大雨
3256,民主黨
3257,1636年四月
3258,論述人性本善的根據
3259,戰事進入膠著對峙狀態
3260,文化大革命
3261,公元第二世紀
3262,美國陸軍航空隊
3263,蒙古大汗
3264,由於夫餘對漢軍的援助
3265,1924年
3266,2013年1月1日
3267,周恩來
3268,民國39年
3269,華萊士
3270,依序向內
3271,978億美元
3272,布爾什維克革命
3273,民國元年
3274,1927年
3275,1233年
3276,2015年
3277,卡佩爾戰爭
3278,網路龐克
3279,教會法學博士
3280,維多利亞湖
3281,《關於托勒密和哥白尼兩大世界體系的對話》
3282,馬英九
3283,台北曲藝團
3284,鎮國將軍
3285,巴夏禮
3286,廣島市
3287,私立大學
3288,高薪
3289,韓國
3290,近年來城市經濟快速發展，在2008年的美國經濟衰退中
3291,"1,891米"
3292,馬來西亞
3293,共同生活弟兄會
3294,92%
3295,李算
3296,西伯利亞平原東南部
3297,所有制社會主義
3298,馬林諾夫斯基
3299,1651年
3300,元太祖成吉思汗
3301,江陵素畏襄陽人
3302,消極的制度
3303,李宗仁
3304,籃子貨幣
3305,1971年
3306,1281年
3307,速度上的優勢
3308,蒙古文字
3309,高加索山脈
3310,用來指揮小隊或中隊
3311,明朝
3312,動物脂肪
3313,用地
3314,奈及利亞
3315,1955年
3316,572毫米
3317,東方帝國的皇帝，管轄一個幅員不大的拉丁帝國
3318,路易·菲利普國王
3319,台北曲藝團
3320,1913年
3321,1903年
3322,紅超巨星
3323,伊斯蘭教法
3324,9世紀
3325,特別警察部隊
3326,蒙疆聯合自治政府
3327,獅子外型去威嚇大象
3328,宋高宗
3329,西莒島青帆村
3330,美元
3331,超新星
3332,獅子派
3333,乾隆
3334,功利主義
3335,1998年
3336,西班牙
3337,朝鮮民主主義人民共和國元帥
3338,成吉思汗時代
3339,強化國家力量
3340,地中海
3341,1908年
3342,37年
3343,牡丹峰樂團團長
3344,君士坦丁八世
3345,嚇阻鳥群的稻草人
3346,1949年
3347,岳飛
3348,劉牢之
3349,35名
3350,卓袱
3351,五分之四
3352,上海人
3353,民族主義復活
3354,德國
3355,漢語拼音」系統，「國語」使用在表聲字
3356,集安
3357,1970年
3358,無味無臭的非金屬，純的硫是黃色的晶體
3359,隆納·雷根
3360,五年
3361,瓜拿納樹
3362,特瓦族
3363,髒層
3364,需加壓
3365,遺傳物質
3366,進出口貿易
3367,海什木
3368,2006年
3369,白紀中期
3370,莫里斯哈勒
3371,克勞德夏農
3372,不列顛印度軍隊
3373,1932年
3374,北方的人口較南方多出許多
3375,1964年
3376,通俗科幻小說雜誌
3377,法語
3378,政治主張
3379,臺灣地方自治
3380,合肥市政府
3381,理查特里維西克
3382,一線天目前仍屬重要軍事基地
3383,彌爾
3384,《續資治通鑑長編》卷323宋元豐五年二月己巳條
3385,幽默
3386,普洱市
3387,唐開元二十六年
3388,美國
3389,貨物運輸
3390,非常小
3391,1961年
3392,計劃經濟體制
3393,英國
3394,田漢
3395,模特兒
3396,1284年
3397,民國23年
3398,《景祐天竺字源》
3399,1352人
3400,2005年3月20日
3401,43.4%
3402,路易十三
3403,白人
3404,1935年
3405,繼續吞併全印度
3406,伊利諾州
3407,公元前240年
3408,萊布尼茨
3409,性犯罪
3410,沖積作用
3411,信陽長台關編鐘
3412,第二代
3413,黃大仙區
3414,聖德神功文武皇帝
3415,1888年
3416,海軍
3417,元世祖至元十七年
3418,脫殼穿甲彈
3419,德川家康
3420,哈大客運專線
3421,東北端
3422,佛教
3423,恰克圖條約
3424,多源於南部內陸高原地區
3425,讓自己獨攬行政權力
3426,中世紀
3427,淡水縣轄區。1887年臺灣建省後，臺北府下屬各縣轄區
3428,協助自殺
3429,西晉
3430,美國電視台
3431,1985年
3432,1996年1月1日
3433,1991年
3434,11世紀
3435,郭松齡
3436,1930年
3437,鐵-56。而除了經由吸熱過程，核融合也不能繼續產生新的元素，所以未來只能經由重力塌縮來產生進一步的能量。在主序帶上的「歐」型恆星，半徑約為太陽的8倍，發光度
3438,五權憲法
3439,天皇成為國家
3440,2014年
3441,抽鄉
3442,股份制
3443,每秒1十億位元組以上
3444,多用途導彈驅逐艦
3445,1978年
3446,「你吃飯了嗎？」，可能就是稻米文明的最佳代表話
3447,15個
3448,宋公
3449,希洛分基地
3450,漢地大都
3451,康熙
3452,瀛台主體建築
3453,雨果
3454,鄧小平理論，是中國共產黨的指導思想之一。根據中國共產黨的官方定義，鄧小平
3455,不少亦達不到香港女性非常高的擇偶條件
3456,維爾紐斯
3457,宣統三年九月九日
3458,西部片
3459,雜交帶
3460,2000年代
3461,《魔戒》
3462,1958年
3463,儒家思想
3464,1954年
3465,12架
3466,廣西廣府人和香港的廣東人
3467,1897年
3468,中華人民共和國國務院
3469,1979年
3470,波羅探題將天皇身邊的日野資朝等人處分
3471,在完成了內部自治的體制
3472,倭王權
3473,灣仔碼頭
3474,1991年
3475,約瑟夫
3476,埋下伏線
3477,網球正拍擊球
3478,大爆炸理論
3479,庫納巴拉班
3480,良好行為
3481,原始農業
3482,中華人民共和國
3483,朱棣
3484,2.6%和政府開支的15%
3485,軍隊士兵主要由穆斯林和印度教徒構成
3486,亞俄
3487,東漢
3488,1941年
3489,生命線
3490,機場快線
3491,麥茨要塞
3492,記載有當時的兵器發明
